<!-- -------------------- Below you will find the code for 01_Create_PDSC -------------------- -->

<?xml version="1.0" encoding="utf-8"?>
<package schemaVersion="1.2" xmlns:xs="http://www.w3.org/2001/XMLSchema-instance" xs:noNamespaceSchemaLocation="PACK.xsd">
  <vendor>MyVendor</vendor>
  <name>MyPack</name>
  <description>Internal Software Pack</description>
  <url></url>
  <supportContact></supportContact>
  <license>Docs\license.txt</license>
  
  <releases>
    <release version="1.0.0" date="2015-03-09">
      Initial version
    </release>
  </releases>

  <keywords>
    <keyword>MyVendor</keyword>
    <keyword>My Software Component</keyword>
  </keywords>

  <components>
      <component Cclass="MyClass" Cgroup="MyGroup" Csub="MySubGroup" Cversion="1.0.0">
        <description>MySWComp</description>
        <files>
          <file category="doc"    name="Docs\MySWComp.htm"/>
          <file category="header" name="MySWComp\header_mylib.h"/>
          <file category="header" name="MySWComp\config_mylib.h" attr="config" version="1.0.0"/>
          <file category="source" name="MySWComp\mylib_one.c"/>
          <file category="source" name="MySWComp\mylib_two.c"/>
        </files>
      </component>
  </components>


<!-- -------------------- Below you will find the code for 02_Conditions -------------------- -->
  <!-- The following code is used for adding conditions to the PDSC file -->

  <conditions> 
    <condition id="ARM Compiler">
      <require Tcompiler="ARMCC"/>
    </condition>
    <condition id="CM0">
      <description>Cortex-M0 based device</description>
      <require condition="ARM Compiler"/>
      <accept  Dcore="Cortex-M0"/>
      <accept  Dcore="Cortex-M0+"/>
    </condition>
    <condition id="CM3">
      <description>Cortex-M3 based device</description>
      <require condition="ARM Compiler"/>
      <accept  Dcore="Cortex-M3"/>
    </condition>
    <condition id="CM4_CM7">
      <description>Cortex-M4 based device</description>
      <require condition="ARM Compiler"/>
      <accept  Dcore="Cortex-M4"/>
      <accept  Dcore="Cortex-M7"/>
    </condition>
    <condition id="CMSIS Core with RTOS">
      <description>CMSIS Core with RTOS for Cortex-M processor</description>
      <accept  condition="CM0"/>
      <accept  condition="CM3"/>
      <accept  condition="CM4_CM7"/>
      <require Cclass="CMSIS" Cgroup="CORE"/>
      <require Cclass="CMSIS" Cgroup="RTOS"/>
    </condition>
  </conditions>
  
  <!-- The following code needs to be changed in the component -->
  
      <component Cclass="MyClass" Cgroup="MyGroup" Csub="MySubGroup" Cversion="1.0.1" condition="CMSIS Core with RTOS">
  
  <!-- The following code needs to be added to the component -->

          <file category="library" condition="CM0"     name="MySWComp\Lib\mylib_cm0.lib"/>
          <file category="library" condition="CM3"     name="MySWComp\Lib\mylib_cm3.lib"/>
          <file category="library" condition="CM4_CM7" name="MySWComp\Lib\mylib_cm4.lib"/>
		  
  <!-- The following code adds a new version number for the Pack -->
		  
    <release version="1.0.1">
      Conditions added
    </release>
	
	
<!-- -------------------- Below you will find the code for 03_Variants -------------------- -->
  <!-- The following code is used for adding a new component in two variants to the PDSC file -->
	
      <component Cclass="MyVariant" Cgroup="MyGroup" Cvariant="Release" Cversion="1.0.2" condition="CMSIS Core with RTOS">
        <description>Release version of MyVariant</description>
        <RTE_Components_h>
          <!-- the following content goes into file 'RTE_Components.h' -->
          #define RTE_MyVariant_Release               /* MyVariant Release Version */
        </RTE_Components_h>
        <files>
          <file category="doc" name="Docs\MySWComp.htm"/>
          <file category="header" name="MySWComp\header_mylib.h"/>
          <file category="header" name="MySWComp\config_mylib.h" attr="config" version="1.0.0"/>
          <file category="source" name="MySWComp\mylib_one.c"/>
          <file category="source" name="MySWComp\mylib_two.c"/>
          <file category="library" condition="CM0" name="MySWComp\Lib\mylib_cm0.lib"/>
          <file category="library" condition="CM3" name="MySWComp\Lib\mylib_cm3.lib"/>
          <file category="library" condition="CM4_CM7" name="MySWComp\Lib\mylib_cm4.lib"/>
        </files>
      </component>
      <component Cclass="MyVariant" Cgroup="MyGroup" Cvariant="Debug" Cversion="1.0.2" condition="CMSIS Core with RTOS">
        <description>Debug version of MyVariant</description>
        <RTE_Components_h>
          <!-- the following content goes into file 'RTE_Components.h' -->
          #define RTE_MyVariant_Debug               /* MyVariant Debug Version */
        </RTE_Components_h>
        <files>
          <file category="doc" name="Docs\MySWComp.htm"/>
          <file category="header" name="MySWComp\header_mylib.h"/>
          <file category="header" name="MySWComp\debug_config_mylib.h" attr="config" version="1.0.0"/>
          <file category="source" name="MySWComp\debug_mylib_one.c"/>
          <file category="source" name="MySWComp\debug_mylib_two.c"/>
          <file category="library" condition="CM0" name="MySWComp\Lib\debug_mylib_cm0.lib"/>
          <file category="library" condition="CM3" name="MySWComp\Lib\debug_mylib_cm3.lib"/>
          <file category="library" condition="CM4_CM7" name="MySWComp\Lib\debug_mylib_cm4.lib"/>
        </files>
      </component>

	  
  <!-- The following code adds a new version number for the Pack -->
	  
    <release version="1.0.2">
      Variants introduced
    </release>

	
<!-- -------------------- Below you will find the code for 04_Instances -------------------- -->
  <!-- The following code needs to be changed in the component -->
  
      <component Cclass="MyClass" Cgroup="MyGroup" Csub="MySubGroup" Cversion="1.0.3" condition="CMSIS Core with RTOS" maxInstances="3">

  <!-- The following code adds a new version number for the Pack -->
	  
    <release version="1.0.3">
      Maximum number of instances specified
    </release>

	
<!-- -------------------- Below you will find the code for 05_APIs -------------------- -->
  <!-- The following code needs to be added to the <apis> section -->
  
  <apis>
    <api Cclass="Device" Cgroup="MyAPI" exclusive="0">
	  <description>API for MyAPI</description>
	  <files>
	    <file category="doc"    name="Docs\API\MyAPI.htm"/>
	    <file category="header" name="API\Include\MyAPI.h"/>
	  </files>
	</api>
  </apis>

  <!-- The following code adds a new version number for the Pack -->
	  
    <release version="1.0.4">
      MyAPI added
    </release>

	
<!-- -------------------- Below you will find the code for 06_User_Code_Templates -------------------- -->
  <!-- The following code needs to be added to the ::MyVariant:MyGroup components (debug and release) -->

          <file category="source" name="MySWComp\Templates\mylib_template1.c" attr="template" select="Easy Template"/>
          <file category="source" name="MySWComp\Templates\mylib_template2.c" attr="template" select="Complex Template"/>
          <file category="source" name="MySWComp\Templates\mylib_template3.c" attr="template" select="Complex Template"/>

  <!-- The following code adds a new version number for the Pack -->
		  
    <release version="1.0.5">
      User Code Templates added
    </release>


<!-- -------------------- Below you will find the code for 07_Example_Projects -------------------- -->
  <!-- The following code needs to be added to the <examples> section -->

  <examples>
    <example name="MyDevBoard Example" doc="Abstract.txt" folder="MyPackExample">
      <description>CMSIS-RTOS based example</description>
      <board name="MyDevBoard" vendor="MyVendor"/>
      <project>
        <environment name="uv" load="MyPackExample.uvprojx"/>
      </project>
      <attributes>
        <component Cclass="CMSIS"     Cgroup="CORE"/>
        <component Cclass="Device"    Cgroup="Startup"/>
        <component Cclass="CMSIS"     Cgroup="RTOS"/>
        <component Cclass="MyVariant" Cgroup="MyGroup"/>
      </attributes>
    </example>
  </examples>

  <!-- The following code adds a new version number for the Pack -->
		  
    <release version="1.0.6">
      Example project added
    </release>
